{
    "template": "helper_criteria",
    "description": "",
    "execution_order": 10,
    "enabled": true,
    "action": "str_replace",
    "find": "<!--[XF:user:content_bottom]-->",
    "replace": "<xf:option name=\"user_criteria[likes_on_single][rule]\" value=\"likes_on_single\" selected=\"{$criteria.likes_on_single}\"\n\t\t   label=\"Likes on single message:\">\n\t<xf:numberbox name=\"user_criteria[likes_on_single][data][likes]\" value=\"{$criteria.likes_on_single.likes}\"\n\t\t\t\t  size=\"5\" min=\"0\" step=\"1\" />\n</xf:option>\n\n$0"
}