<?xml version="1.0" encoding="utf-8"?>
<template_modifications>
  <modification type="admin" template="helper_criteria" modification_key="likes_on_single_message" execution_order="10" enabled="1" action="str_replace">
    <find><![CDATA[<!--[XF:user:content_bottom]-->]]></find>
    <replace><![CDATA[<xf:option name="user_criteria[likes_on_single][rule]" value="likes_on_single" selected="{$criteria.likes_on_single}"
		   label="Likes on single message:">
	<xf:numberbox name="user_criteria[likes_on_single][data][likes]" value="{$criteria.likes_on_single.likes}"
				  size="5" min="0" step="1" />
</xf:option>

$0]]></replace>
  </modification>
</template_modifications>
