{
    "src/addons/Demo/Portal/addon.json": "c53d7ecf33e4cfb93b9812928ef10b8452c7ea4d36bb8d203684d80631149b9e",
    "src/addons/Demo/Portal/Entity/FeaturedThread.php": "62d30e86aad4679a26967ef41eb1c284cee5c5e3e24dc072dcfed6efbbdc8dde",
    "src/addons/Demo/Portal/Finder/FeaturedThread.php": "1a71716c78fb30e9a9e092b5ef7d5731a4966bd28d9e02df921884210546988e",
    "src/addons/Demo/Portal/Listener.php": "ecb3e02ea83e907c50746d5a80c62a30abe7873921ce76ff6c520fb7f35a15a8",
    "src/addons/Demo/Portal/Pub/Controller/Portal.php": "f9c578e716cee0a47e8df99e0b87d1be72ea91a5a94a1587fa140c78018625f6",
    "src/addons/Demo/Portal/Repository/FeaturedThread.php": "eb10364f5ac25e6eb60ddb9c59797f1aafa45b0eae4625a29230ab49978582c0",
    "src/addons/Demo/Portal/Setup.php": "a9ab5ec74532e7559fe3491ce7d07613ae30fa01e955d4ecc691166b4a7cff84",
    "src/addons/Demo/Portal/XF/Admin/Controller/ForumController.php": "9f636eb4a2aa3d8c2b6a6569c49174509cb015143ed3af30497ae0a91bc02e11",
    "src/addons/Demo/Portal/XF/Entity/Thread.php": "d74c2fa2233a18373d0a4f150ed03a0850f3987b773adfad8c7206272e4d62a5",
    "src/addons/Demo/Portal/XF/Pub/Controller/ForumController.php": "467c385447bd0662f44b47903fee6308184c63de5257714d8ea690782f2f5082",
    "src/addons/Demo/Portal/XF/Pub/Controller/ThreadController.php": "59a722089ad7e419a2ce77f961a98a2647dcb7fec04d3cc583c45437f40a91e6",
    "src/addons/Demo/Portal/XF/Service/Thread/CreatorService.php": "ae593c419864c073fbc165fa62bfe04851533feffd56bf4f9d6f88559ebea710",
    "src/addons/Demo/Portal/XF/Service/Thread/EditorService.php": "63765a727b94aa74ed601b1e2e44da9618760419c32acea9d72b5babb1614890",
    "src/addons/Demo/Portal/_data/activity_summary_definitions.xml": "99d8c2563a31320d66f958fc8bda78613545f5f7959bb3cf5318805e3a3c39d2",
    "src/addons/Demo/Portal/_data/admin_navigation.xml": "064ec797484ac00d5ee37367b50b06846d11f480d00550997712707f8fdac8c0",
    "src/addons/Demo/Portal/_data/admin_permission.xml": "ec6fb97cebf0bceb24f1ed1d5778c1db54eeb7535fbb3e31d824840e7aa9ff87",
    "src/addons/Demo/Portal/_data/advertising_positions.xml": "d2f7cbe844bb1df3cf878d22ff6306249245c8ff6b0b87b9b729744bec538261",
    "src/addons/Demo/Portal/_data/api_scopes.xml": "6793eaf758f140e8137187ba20e65f4faccf53410433ae3ad7a8b3b38cb6b3b7",
    "src/addons/Demo/Portal/_data/bb_codes.xml": "faa4ddd5f4a365e5ac39aebdcbe2d25aedf74e7eb9ea4a812766e2fd5e13bdb1",
    "src/addons/Demo/Portal/_data/bb_code_media_sites.xml": "29762987990187b33e43cfb68c08dc917b2d3f0176613d78f8e6c453f82da3f3",
    "src/addons/Demo/Portal/_data/class_extensions.xml": "bb4510e6b1b7a781b0f3126c4fea07bd56cfca4f04d9d0fb40fd5e6e39b8b4b3",
    "src/addons/Demo/Portal/_data/code_events.xml": "8370dec3df47f91df4cf79da253446ad11b29f4ea568fe76c774e97a0379f0eb",
    "src/addons/Demo/Portal/_data/code_event_listeners.xml": "b87a9d0f9d0584ee75d3ed7af4a1edff0a810934a1473048a15784906699714f",
    "src/addons/Demo/Portal/_data/content_type_fields.xml": "c7ad5472b28f465b7ac7617627707eba1b7a39d28089460d52e1ed292fc0b06a",
    "src/addons/Demo/Portal/_data/cron.xml": "323c4284742ef24329cd6db6f288eb9736d2353f36852e1db12591e1583aea26",
    "src/addons/Demo/Portal/_data/help_pages.xml": "a8a0c0b06cdc550438bc8a8d385af3e1e5ab3459877dfb934c1c31be59c89163",
    "src/addons/Demo/Portal/_data/member_stats.xml": "89fb2b93ff1eca7a1f6f752248edf6090dfd24037db1446fd18ff7143f08124d",
    "src/addons/Demo/Portal/_data/navigation.xml": "f75e1c03a45a360bbdfcd0567121665082315068475d5b0feb8b1acbb1688651",
    "src/addons/Demo/Portal/_data/options.xml": "bce9fb67a10409c151857c8d0905f22bdacac7523ceebdd6aa9328a536826ce1",
    "src/addons/Demo/Portal/_data/option_groups.xml": "8e2481cc75b8609534713bea8cd70302db2ea636ead3470b6cf3d92118593e09",
    "src/addons/Demo/Portal/_data/permissions.xml": "ebabecdfdf1701c1416e83ccb357110b3af3388ef457ab1f6404d0461d21ae37",
    "src/addons/Demo/Portal/_data/permission_interface_groups.xml": "3177224e96458b829aa7fb24866dda9e0455a4922aee3d669b53f59a1ffdf5d1",
    "src/addons/Demo/Portal/_data/phrases.xml": "990b54878018d8b096e99c4ed41fcc700d22abf792759df6abfcb5ccd05a8d4c",
    "src/addons/Demo/Portal/_data/routes.xml": "4b0f7090ce12f1fa6949bca0d7a22960eb68fc9bf5b5223b4ff5870a25c4c755",
    "src/addons/Demo/Portal/_data/style_properties.xml": "8b8690a8512f01f219dd2da76e3d0c5f62afc1f317b87794a7331c859c36a7a8",
    "src/addons/Demo/Portal/_data/style_property_groups.xml": "68e1879cb3846c42d978487aa8d5145ff3335fc39e58016878824d5cf3fd684c",
    "src/addons/Demo/Portal/_data/templates.xml": "0728b5dcedeee29218f3b7e1b88ecd685183dc52ff8492fd60f4b64b440cffb4",
    "src/addons/Demo/Portal/_data/template_modifications.xml": "1042be23a37011e099ca523fc26e2197bf1f9f22e821f7e05ff86c575f7afaf1",
    "src/addons/Demo/Portal/_data/widget_definitions.xml": "37e46965256430f24004c2e7f08ba08f9b0d1cbcc4d70e84b3f4e3ffb713e64b",
    "src/addons/Demo/Portal/_data/widget_positions.xml": "b4ce9158aba297d66263aa9782c0c7399773c45a9d2dfba584dd6981ecf6bd7d"
}