{
    "src/addons/Demo/Portal/addon.json": "c53d7ecf33e4cfb93b9812928ef10b8452c7ea4d36bb8d203684d80631149b9e",
    "src/addons/Demo/Portal/Entity/FeaturedThread.php": "3f5b65e7410628ad9f802f15bbcaa57e19c6c56f7eccec97ca5f6d213b0bc64d",
    "src/addons/Demo/Portal/Finder/FeaturedThread.php": "09c846502cb99f4f53b70dd74b334364bc8bc77252111107a2425a31d7c7a180",
    "src/addons/Demo/Portal/Listener.php": "21e3ca7139a785b2b3141a67414c6763926c281ae318f0125de91865f34e29ea",
    "src/addons/Demo/Portal/Pub/Controller/Portal.php": "852cabe61414abf917814515e4ce01db98d78a8f0c4f3725f48fc18535fd154d",
    "src/addons/Demo/Portal/Repository/FeaturedThread.php": "9a76dd3c3dcf6f4ac773d093e9db24605b9f7f0c7612ddbbe029d2fe272d38b3",
    "src/addons/Demo/Portal/Setup.php": "f29aadeec62047a370d8c8338cb4ba52297934de04f9bdb62a9209d32af7fc85",
    "src/addons/Demo/Portal/XF/Admin/Controller/Forum.php": "ad3439c07715191859ce177ac47e8b8db38468eec9c04ff6d15d8fd01a0f7092",
    "src/addons/Demo/Portal/XF/Entity/Thread.php": "54adf99664cdc84be2012a3d4daedee1144401505343593f4ce0d69eb640f2f4",
    "src/addons/Demo/Portal/XF/Pub/Controller/Forum.php": "324ec002503f7c5b168fdc857277613a7208683597005656790dca041772a7b7",
    "src/addons/Demo/Portal/XF/Pub/Controller/Thread.php": "62bf18d1e00a98bccc461c1689c4c1580eef6069160bedf7dbcae3ccf9eb3c9e",
    "src/addons/Demo/Portal/XF/Service/Thread/Creator.php": "1f422502a40a76a6234ab29d793f0b5b0416fd0f9fd6d473ad55b05458f46021",
    "src/addons/Demo/Portal/XF/Service/Thread/Editor.php": "75e8c1cd40ed016d4492fea4d56316d31613997b754c04f89877d5608d6098d8",
    "src/addons/Demo/Portal/_data/activity_summary_definitions.xml": "99d8c2563a31320d66f958fc8bda78613545f5f7959bb3cf5318805e3a3c39d2",
    "src/addons/Demo/Portal/_data/admin_navigation.xml": "064ec797484ac00d5ee37367b50b06846d11f480d00550997712707f8fdac8c0",
    "src/addons/Demo/Portal/_data/admin_permission.xml": "ec6fb97cebf0bceb24f1ed1d5778c1db54eeb7535fbb3e31d824840e7aa9ff87",
    "src/addons/Demo/Portal/_data/advertising_positions.xml": "d2f7cbe844bb1df3cf878d22ff6306249245c8ff6b0b87b9b729744bec538261",
    "src/addons/Demo/Portal/_data/api_scopes.xml": "6793eaf758f140e8137187ba20e65f4faccf53410433ae3ad7a8b3b38cb6b3b7",
    "src/addons/Demo/Portal/_data/bb_codes.xml": "faa4ddd5f4a365e5ac39aebdcbe2d25aedf74e7eb9ea4a812766e2fd5e13bdb1",
    "src/addons/Demo/Portal/_data/bb_code_media_sites.xml": "29762987990187b33e43cfb68c08dc917b2d3f0176613d78f8e6c453f82da3f3",
    "src/addons/Demo/Portal/_data/class_extensions.xml": "457d9cbcd7eea87c379083a5e50e46360f8d7c686e0e95337b8d153cf3485d17",
    "src/addons/Demo/Portal/_data/code_events.xml": "8370dec3df47f91df4cf79da253446ad11b29f4ea568fe76c774e97a0379f0eb",
    "src/addons/Demo/Portal/_data/code_event_listeners.xml": "b87a9d0f9d0584ee75d3ed7af4a1edff0a810934a1473048a15784906699714f",
    "src/addons/Demo/Portal/_data/content_type_fields.xml": "c7ad5472b28f465b7ac7617627707eba1b7a39d28089460d52e1ed292fc0b06a",
    "src/addons/Demo/Portal/_data/cron.xml": "323c4284742ef24329cd6db6f288eb9736d2353f36852e1db12591e1583aea26",
    "src/addons/Demo/Portal/_data/help_pages.xml": "a8a0c0b06cdc550438bc8a8d385af3e1e5ab3459877dfb934c1c31be59c89163",
    "src/addons/Demo/Portal/_data/member_stats.xml": "89fb2b93ff1eca7a1f6f752248edf6090dfd24037db1446fd18ff7143f08124d",
    "src/addons/Demo/Portal/_data/navigation.xml": "f75e1c03a45a360bbdfcd0567121665082315068475d5b0feb8b1acbb1688651",
    "src/addons/Demo/Portal/_data/options.xml": "bce9fb67a10409c151857c8d0905f22bdacac7523ceebdd6aa9328a536826ce1",
    "src/addons/Demo/Portal/_data/option_groups.xml": "8e2481cc75b8609534713bea8cd70302db2ea636ead3470b6cf3d92118593e09",
    "src/addons/Demo/Portal/_data/permissions.xml": "ebabecdfdf1701c1416e83ccb357110b3af3388ef457ab1f6404d0461d21ae37",
    "src/addons/Demo/Portal/_data/permission_interface_groups.xml": "3177224e96458b829aa7fb24866dda9e0455a4922aee3d669b53f59a1ffdf5d1",
    "src/addons/Demo/Portal/_data/phrases.xml": "990b54878018d8b096e99c4ed41fcc700d22abf792759df6abfcb5ccd05a8d4c",
    "src/addons/Demo/Portal/_data/routes.xml": "4b0f7090ce12f1fa6949bca0d7a22960eb68fc9bf5b5223b4ff5870a25c4c755",
    "src/addons/Demo/Portal/_data/style_properties.xml": "8b8690a8512f01f219dd2da76e3d0c5f62afc1f317b87794a7331c859c36a7a8",
    "src/addons/Demo/Portal/_data/style_property_groups.xml": "68e1879cb3846c42d978487aa8d5145ff3335fc39e58016878824d5cf3fd684c",
    "src/addons/Demo/Portal/_data/templates.xml": "0728b5dcedeee29218f3b7e1b88ecd685183dc52ff8492fd60f4b64b440cffb4",
    "src/addons/Demo/Portal/_data/template_modifications.xml": "1042be23a37011e099ca523fc26e2197bf1f9f22e821f7e05ff86c575f7afaf1",
    "src/addons/Demo/Portal/_data/widget_definitions.xml": "37e46965256430f24004c2e7f08ba08f9b0d1cbcc4d70e84b3f4e3ffb713e64b",
    "src/addons/Demo/Portal/_data/widget_positions.xml": "b4ce9158aba297d66263aa9782c0c7399773c45a9d2dfba584dd6981ecf6bd7d"
}