{
    "src/addons/Demo/Portal/addon.json": "9f90fb4f478d2adfe499be2fc965ba53272260c52fc9381794e75b7bbddf5033",
    "src/addons/Demo/Portal/Entity/FeaturedThread.php": "21137abad15ba4794c8f24bd01943e986da478293ee4303563564a411e1df828",
    "src/addons/Demo/Portal/Finder/FeaturedThread.php": "5bcf2e782638c311fa9e261cae4a832efddf8af0abc9f79e4323a64e9dd94f24",
    "src/addons/Demo/Portal/Listener.php": "49bfaef6d9419c18cd33b2c2f729d7caaebf37b69551a0b7e0a69fe073990b56",
    "src/addons/Demo/Portal/Pub/Controller/Portal.php": "e4d30d0785e7020d095ead18b264044fe4e27c94a305b1555ab44b99c200e78b",
    "src/addons/Demo/Portal/Repository/FeaturedThread.php": "1f67703676ee38ad91bd5a6ab6e6cdee7f67664f0b9df0e964e42562998b9443",
    "src/addons/Demo/Portal/Setup.php": "8ea5c0726ee49c807295d4af8d627f4e4e2c0d5f5989c83b3ff21657fbafc116",
    "src/addons/Demo/Portal/XF/Admin/Controller/Forum.php": "95c4d9351bf9fdeb1f1ad91fce9b05bf59ef5765538b2b73ec66079c6c1dfd37",
    "src/addons/Demo/Portal/XF/Entity/Thread.php": "0f9fcbc2bc29cff700ae61810c1ca6a40bf5dcd11fa71a7c1a03a3eceefa5666",
    "src/addons/Demo/Portal/XF/Pub/Controller/Forum.php": "e1fb15aab20259fc7cbe30eb90b00a8b192f8cd0691cc2d4497ec6f3a8d5158d",
    "src/addons/Demo/Portal/XF/Pub/Controller/Thread.php": "67696ae2e2d8c8a7949aaa835b2ab6701d24618ae03143d4bfa4209cabbe5472",
    "src/addons/Demo/Portal/XF/Service/Thread/Creator.php": "179ae023dd5a5f4560af3360edd827f6f601efd51d837d906221f5867244c4b5",
    "src/addons/Demo/Portal/XF/Service/Thread/Editor.php": "d89050a0017fea30cc6dc417f3345702c8167d2a0bc5e8f330b633d7a64deddf",
    "src/addons/Demo/Portal/_data/admin_navigation.xml": "064ec797484ac00d5ee37367b50b06846d11f480d00550997712707f8fdac8c0",
    "src/addons/Demo/Portal/_data/admin_permission.xml": "ec6fb97cebf0bceb24f1ed1d5778c1db54eeb7535fbb3e31d824840e7aa9ff87",
    "src/addons/Demo/Portal/_data/advertising_positions.xml": "d2f7cbe844bb1df3cf878d22ff6306249245c8ff6b0b87b9b729744bec538261",
    "src/addons/Demo/Portal/_data/api_scopes.xml": "6793eaf758f140e8137187ba20e65f4faccf53410433ae3ad7a8b3b38cb6b3b7",
    "src/addons/Demo/Portal/_data/bb_codes.xml": "faa4ddd5f4a365e5ac39aebdcbe2d25aedf74e7eb9ea4a812766e2fd5e13bdb1",
    "src/addons/Demo/Portal/_data/bb_code_media_sites.xml": "29762987990187b33e43cfb68c08dc917b2d3f0176613d78f8e6c453f82da3f3",
    "src/addons/Demo/Portal/_data/class_extensions.xml": "457d9cbcd7eea87c379083a5e50e46360f8d7c686e0e95337b8d153cf3485d17",
    "src/addons/Demo/Portal/_data/code_events.xml": "8370dec3df47f91df4cf79da253446ad11b29f4ea568fe76c774e97a0379f0eb",
    "src/addons/Demo/Portal/_data/code_event_listeners.xml": "b87a9d0f9d0584ee75d3ed7af4a1edff0a810934a1473048a15784906699714f",
    "src/addons/Demo/Portal/_data/content_type_fields.xml": "c7ad5472b28f465b7ac7617627707eba1b7a39d28089460d52e1ed292fc0b06a",
    "src/addons/Demo/Portal/_data/cron.xml": "323c4284742ef24329cd6db6f288eb9736d2353f36852e1db12591e1583aea26",
    "src/addons/Demo/Portal/_data/help_pages.xml": "a8a0c0b06cdc550438bc8a8d385af3e1e5ab3459877dfb934c1c31be59c89163",
    "src/addons/Demo/Portal/_data/member_stats.xml": "89fb2b93ff1eca7a1f6f752248edf6090dfd24037db1446fd18ff7143f08124d",
    "src/addons/Demo/Portal/_data/navigation.xml": "f75e1c03a45a360bbdfcd0567121665082315068475d5b0feb8b1acbb1688651",
    "src/addons/Demo/Portal/_data/options.xml": "4f853975d326418970d05e1ae2b956dcbdad4df77546e46bed26e5411f13b690",
    "src/addons/Demo/Portal/_data/option_groups.xml": "8e2481cc75b8609534713bea8cd70302db2ea636ead3470b6cf3d92118593e09",
    "src/addons/Demo/Portal/_data/permissions.xml": "ebabecdfdf1701c1416e83ccb357110b3af3388ef457ab1f6404d0461d21ae37",
    "src/addons/Demo/Portal/_data/permission_interface_groups.xml": "3177224e96458b829aa7fb24866dda9e0455a4922aee3d669b53f59a1ffdf5d1",
    "src/addons/Demo/Portal/_data/phrases.xml": "990b54878018d8b096e99c4ed41fcc700d22abf792759df6abfcb5ccd05a8d4c",
    "src/addons/Demo/Portal/_data/routes.xml": "4b0f7090ce12f1fa6949bca0d7a22960eb68fc9bf5b5223b4ff5870a25c4c755",
    "src/addons/Demo/Portal/_data/style_properties.xml": "8b8690a8512f01f219dd2da76e3d0c5f62afc1f317b87794a7331c859c36a7a8",
    "src/addons/Demo/Portal/_data/style_property_groups.xml": "68e1879cb3846c42d978487aa8d5145ff3335fc39e58016878824d5cf3fd684c",
    "src/addons/Demo/Portal/_data/templates.xml": "0728b5dcedeee29218f3b7e1b88ecd685183dc52ff8492fd60f4b64b440cffb4",
    "src/addons/Demo/Portal/_data/template_modifications.xml": "e0cc28c4759ebe58d9a858122167f453dd73abf53192fe1ecf91786064777f3e",
    "src/addons/Demo/Portal/_data/widget_definitions.xml": "37e46965256430f24004c2e7f08ba08f9b0d1cbcc4d70e84b3f4e3ffb713e64b",
    "src/addons/Demo/Portal/_data/widget_positions.xml": "b4ce9158aba297d66263aa9782c0c7399773c45a9d2dfba584dd6981ecf6bd7d"
}