{
    "src/addons/Demo/Portal/addon.json": "0a3bbbad9552f0ae592bdecb86819dcb951be2a3936af88b1b44537d8efc1196",
    "src/addons/Demo/Portal/Entity/FeaturedThread.php": "21137abad15ba4794c8f24bd01943e986da478293ee4303563564a411e1df828",
    "src/addons/Demo/Portal/Finder/FeaturedThread.php": "5bcf2e782638c311fa9e261cae4a832efddf8af0abc9f79e4323a64e9dd94f24",
    "src/addons/Demo/Portal/Listener.php": "49bfaef6d9419c18cd33b2c2f729d7caaebf37b69551a0b7e0a69fe073990b56",
    "src/addons/Demo/Portal/Pub/Controller/Portal.php": "36bb9108798f7f6c209398247ded8ac1f7394c1384ea91ca3dd81cf6e235e140",
    "src/addons/Demo/Portal/Repository/FeaturedThread.php": "1f67703676ee38ad91bd5a6ab6e6cdee7f67664f0b9df0e964e42562998b9443",
    "src/addons/Demo/Portal/Setup.php": "91a627d92bc80a1fed67c0309073779756bec63ddef75098781ff2d93abc03eb",
    "src/addons/Demo/Portal/XF/Admin/Controller/Forum.php": "9507e32e2fb753a9eacdb264d70d32008d9cbf0619427d75eea84b0d10c60042",
    "src/addons/Demo/Portal/XF/Entity/Thread.php": "d5154ecdb7037fcec422a6de045f6623294c98ce74ce902d36bc4c7a0b393d80",
    "src/addons/Demo/Portal/XF/Pub/Controller/Forum.php": "cd7ffd5400c5033e3f4158bc4bba570b3aac17bb022e0cd20caacef4325e6472",
    "src/addons/Demo/Portal/XF/Pub/Controller/Thread.php": "4009a4c089fb198bee468265639d8de9a0425bb5495a0aff55dbd16c0e9ebf11",
    "src/addons/Demo/Portal/XF/Service/Thread/Creator.php": "7c83f1bb272fe1e4e1e1fcdb9e8cb32d4d081065ae3f71c68e7d9219ac640118",
    "src/addons/Demo/Portal/XF/Service/Thread/Editor.php": "75f08f830c5db8e6d2a6188d82e81f2d4cd49759da60f9ca9953994a8371cca8",
    "src/addons/Demo/Portal/_data/class_extensions.xml": "457d9cbcd7eea87c379083a5e50e46360f8d7c686e0e95337b8d153cf3485d17",
    "src/addons/Demo/Portal/_data/code_event_listeners.xml": "b87a9d0f9d0584ee75d3ed7af4a1edff0a810934a1473048a15784906699714f",
    "src/addons/Demo/Portal/_data/options.xml": "4f853975d326418970d05e1ae2b956dcbdad4df77546e46bed26e5411f13b690",
    "src/addons/Demo/Portal/_data/option_groups.xml": "8e2481cc75b8609534713bea8cd70302db2ea636ead3470b6cf3d92118593e09",
    "src/addons/Demo/Portal/_data/permissions.xml": "ebabecdfdf1701c1416e83ccb357110b3af3388ef457ab1f6404d0461d21ae37",
    "src/addons/Demo/Portal/_data/phrases.xml": "990b54878018d8b096e99c4ed41fcc700d22abf792759df6abfcb5ccd05a8d4c",
    "src/addons/Demo/Portal/_data/routes.xml": "4b0f7090ce12f1fa6949bca0d7a22960eb68fc9bf5b5223b4ff5870a25c4c755",
    "src/addons/Demo/Portal/_data/templates.xml": "d418c3f46e5d5d4adf736ad4fb3750d19e10a8e5206545cdc01d6aa63b3bc970",
    "src/addons/Demo/Portal/_data/template_modifications.xml": "f558753a5054268c3c1143039d8983453969eba3807e3bf7225a71763f62abae",
    "src/addons/Demo/Portal/_data/widget_positions.xml": "b4ce9158aba297d66263aa9782c0c7399773c45a9d2dfba584dd6981ecf6bd7d"
}