<?xml version="1.0" encoding="utf-8"?>
<options>
  <option option_id="demoPortalDefaultSort" edit_format="radio" data_type="string">
    <default_value>featured_date</default_value>
    <edit_format_params>featured_date={{ phrase('demo_portal_featured_date') }}
post_date={{ phrase('demo_portal_post_date') }}</edit_format_params>
    <relation group_id="demoPortal" display_order="10"/>
  </option>
  <option option_id="demoPortalFeaturedPerPage" edit_format="spinbox" data_type="positive_integer">
    <default_value>10</default_value>
    <relation group_id="demoPortal" display_order="1"/>
  </option>
</options>
