<?xml version="1.0" encoding="utf-8"?>
<phrases>
  <phrase title="demo_portal_featured" version_id="1000010" version_string="1.0.0 Alpha"><![CDATA[Featured]]></phrase>
  <phrase title="demo_portal_featured_date" version_id="1000010" version_string="1.0.0 Alpha"><![CDATA[Featured date]]></phrase>
  <phrase title="demo_portal_featured_hint" version_id="1000010" version_string="1.0.0 Alpha"><![CDATA[Featured threads will appear on the Portal page.]]></phrase>
  <phrase title="demo_portal_post_date" version_id="1000010" version_string="1.0.0 Alpha"><![CDATA[Post date]]></phrase>
  <phrase title="option.demoPortalDefaultSort" version_id="1000010" version_string="1.0.0 Alpha"><![CDATA[Default sort order]]></phrase>
  <phrase title="option.demoPortalFeaturedPerPage" version_id="1000010" version_string="1.0.0 Alpha"><![CDATA[Featured threads per page]]></phrase>
  <phrase title="option_explain.demoPortalDefaultSort" version_id="1000010" version_string="1.0.0 Alpha"><![CDATA[]]></phrase>
  <phrase title="option_explain.demoPortalFeaturedPerPage" version_id="1000010" version_string="1.0.0 Alpha"><![CDATA[]]></phrase>
  <phrase title="option_group.demoPortal" version_id="1000010" version_string="1.0.0 Alpha"><![CDATA[Demo - Portal options]]></phrase>
  <phrase title="option_group_description.demoPortal" version_id="1000010" version_string="1.0.0 Alpha"><![CDATA[]]></phrase>
  <phrase title="permission.forum_demoPortalFeature" version_id="1000010" version_string="1.0.0 Alpha"><![CDATA[Can feature / unfeature threads]]></phrase>
  <phrase title="widget_pos.demo_portal_view_sidebar" version_id="1000010" version_string="1.0.0 Alpha"><![CDATA[Demo portal view: Sidebar]]></phrase>
  <phrase title="widget_pos_desc.demo_portal_view_sidebar" version_id="1000010" version_string="1.0.0 Alpha"><![CDATA[Position in the sidebar while viewing featured threads on the portal page.]]></phrase>
</phrases>
