<?xml version="1.0" encoding="utf-8"?>
<template_modifications>
  <modification type="admin" template="forum_edit" modification_key="demo_portal_forum_edit" description="Adds auto feature checkbox to the forum_edit template" execution_order="10" enabled="1" action="preg_replace">
    <find><![CDATA[#<xf:checkboxrow label="" name="require_prefix"[^>]*>.*</xf:checkboxrow>#sU]]></find>
    <replace><![CDATA[$0
<xf:include template="demo_portal_forum_edit" />]]></replace>
  </modification>
  <modification type="public" template="helper_thread_options" modification_key="demo_portal_helper_thread_options" description="Adds &quot;Featured&quot; checkbox to the helper_thread_options template" execution_order="10" enabled="1" action="str_replace">
    <find><![CDATA[<xf:if is="$thread.canLockUnlock()">]]></find>
    <replace><![CDATA[<xf:if is="($thread.isInsert() AND !$thread.Forum.demo_portal_auto_feature AND $thread.canFeatureUnfeature()) 
	OR ($thread.isUpdate() && $thread.canFeatureUnfeature())"
>
	<xf:option label="Featured" name="featured" value="1" selected="{$thread.demo_portal_featured}">
		<xf:hint>Featured threads will appear on the Portal page.</xf:hint>
		<xf:afterhtml>
			<xf:hiddenval name="_xfSet[featured]" value="1" />
		</xf:afterhtml>
	</xf:option>
</xf:if>
$0]]></replace>
  </modification>
</template_modifications>
