<?xml version="1.0" encoding="utf-8"?>
<templates>
  <template type="admin" title="demo_portal_forum_edit" version_id="1000010" version_string="1.0.0 Alpha"><![CDATA[<hr class="formRowSep" />

<xf:checkboxrow label="" name="demo_portal_auto_feature" value="{$forum.demo_portal_auto_feature}">
	<xf:option value="1" label="Automatically feature threads in this forum">
		<xf:hint>If selected, any new threads posted in this forum will be automatically featured.</xf:hint>
	</xf:option>
</xf:checkboxrow>]]></template>
  <template type="public" title="demo_portal_view" version_id="1000010" version_string="1.0.0 Alpha"><![CDATA[<xf:h1>{$xf.options.boardTitle}</xf:h1>

<xf:widgetpos id="demo_portal_view_sidebar" position="sidebar" />

<xf:if is="$featuredThreads is not empty">
	<xf:foreach loop="$featuredThreads" value="$featuredThread">
		<xf:macro name="thread_block"
			arg-thread="{$featuredThread.Thread}"
			arg-post="{$featuredThread.Thread.FirstPost}"
			arg-featuredThread="{$featuredThread}"
		/>
	</xf:foreach>

	<xf:pagenav page="{$page}" perpage="{$perPage}" total="{$total}" link="portal" wrapperclass="block" />
<xf:else />
	<div class="blockMessage">No threads have been featured yet.</div>
</xf:if>

<xf:macro name="thread_block" arg-thread="!" arg-post="!" arg-featuredThread="!">
	<xf:css src="message.less" />

	<div class="block">
		<div class="block-container" data-xf-init="lightbox">
			<h4 class="block-header"><a href="{{ link('threads', $thread) }}">{$thread.title}</a></h4>
			<div class="block-body">
				<xf:macro name="message"
					arg-post="{$post}"
					arg-thread="{$thread}"
					arg-featuredThread="{$featuredThread}"
				/>
			</div>
			<div class="block-footer">
				<a href="{{ link('threads', $thread) }}">Continue reading...</a>
			</div>
		</div>
	</div>
</xf:macro>

<xf:macro name="message" arg-post="!" arg-thread="!" arg-featuredThread="!">
	<div class="message message--post message--simple">
		<div class="message-inner">
			<div class="message-cell message-cell--main">
				<div class="message-content js-messageContent">
					<div class="message-attribution">
						<div class="contentRow contentRow--alignMiddle">
							<div class="contentRow-figure">
								<xf:avatar user="{$post.User}" size="xxs" defaultname="{$post.username}" href="" />
							</div>
							<div class="contentRow-main contentRow-main--close">
								<ul class="listInline listInline--bullet u-muted">
									<li><xf:username user="{$thread.User}" /></li>
									<li>
										<xf:if is="$xf.options.demoPortalDefaultSort == 'featured_date'">
											<xf:date time="{$featuredThread.featured_date}" />
										<xf:else />
											<xf:date time="{$thread.post_date}" />
										</xf:if>
									</li>
									<li><a href="{{ link('forums', $thread.Forum) }}">{$thread.Forum.title}</a></li>
									<li>{{ phrase('replies') }}: {$thread.reply_count|number}</li>
								</ul>
							</div>
						</div>
					</div>
					<div class="message-userContent lbContainer js-lbContainer"
						 data-lb-id="post-{$post.post_id}"
						 data-lb-caption-desc="{{ $post.User ? $post.User.username : $post.username }}, {{ date_time($post.post_date) }}"
					>
						<blockquote class="message-body">
							{{ bb_code($post.message, 'post', $post.User, {
								'attachments': $post.attach_count ? $post.Attachments : [],
								'viewAttachments': $thread.canViewAttachments()
							}) }}
						</blockquote>
					</div>
				</div>
			</div>
		</div>
	</div>
</xf:macro>]]></template>
</templates>
